Topic,Count,Name,Representation,Representative_Docs
-1,462058,-1_earnings_sales_increased_increase,"['earnings', 'sales', 'increased', 'increase', 'revenues', 'revenue', 'markets', 'financial', 'results', 'market']","['Occupancy costs in the third quarter increased 30 basis points versus the prior year to 7.4% of sales, based on the increased number of openings, 17 this year versus ten last year in the quarter, and the impact of pre-opening rent associated with new openings.', 'For Advanced Airlaid Materials, fourth quarter operating profit increased 9% from the prior year on the heels of strong shipment of wipes and hygiene products.', ""For information on factors that could cause a difference in our results, please refer to our Form 10-Q for the fiscal quarter ended August 1, 2010, to Magma's subsequent and future filings with the Securities and Exchange Commission, and to cautionary statements in today's earnings press release regarding forward-looking statements.""]"
0,35980,0_strategic_success_future_marketing,"['strategic', 'success', 'future', 'marketing', 'innovation', 'businesses', 'customer', 'capabilities', 'business', 'strategy']","['We look forward to taking advantage of this interoperability platform to provide even more robust capabilities within and outside of our client base to support data strategies that can add value for our clients and drive revenue growth within our organization.', 'We look forward to a strong FY17 and maintain a continued focus on delivering long-term growth to shareholders and a best-in-class connectivity experience for our customers.', 'Entering 2019, we remain focused on becoming the partner of choice for our customers by providing market-leading quality products and customer service with a market-competitive business model.']"
1,16344,1_phase_stage_research_second,"['phase', 'stage', 'research', 'second', 'results', 'second half', 'plan', 'non', 'demonstrated', 'ongoing']","['Report interim data from the Phase 2 study in non-small cell lung cancer.', 'Now, let me tell you briefly about the status of the ATTENTION trial, which is the other Phase 3 trial, which is part of the non-small cell Phase 3 program for tivantinib.', 'For sapacitabine, continue to follow up, enroll patients in SEAMLESS until the prespecified number of events is observed, which is expected to occur between the second half of 2015 and the first half of 2016; submit a Pediatric Investigation Plan to the European Medicines Agency; continued follow-up of patients in an additional part of the ongoing Phase 2 MDS study evaluating better dosing regimens; make a decision on Phase 2b RCT in MDS, following review of all relevant clinical data with mature follow-up; report updated data for the Phase 1 study of sapacitabine in combination with seliciclib in solid tumor patients, in particular those carrying germline BRCA mutations.']"
2,10017,2_margin_margins_revenue_profit,"['margin', 'margins', 'revenue', 'profit', 'percentage', 'leverage', 'sales', 'decreased', 'decrease', 'percent']","['Segment gross margin dollars increased 12% and 13% in constant currency, and gross margin percentage increased 4 points due to higher-margin sales mix.', 'During the third quarter, operating gross margin declined 130 basis points.', 'The gross margin on licenses was 81.2%.']"
3,9270,3_earnings_income_share_tax,"['earnings', 'income', 'share', 'tax', 'quarter fiscal', 'loss', 'quarter year', 'net', 'increased', '000']","['The Company reported a net loss of $12.2 million or $0.76 per basic share and $0.76 per diluted share for fiscal 2009, compared to net income of $5.9 million or $0.28 per basic share and $0.18 per diluted share for fiscal 2008.', 'We had a $0.07 per share provision for a client settlement.', 'For the year, our non-GAAP net income was $7.2 million or $0.08 per basic share and $0.07 per diluted share as compared to a loss of $11.1 million or a loss of $0.13 per share in 2016.']"
4,6966,4_expenses_expense_costs_revenues,"['expenses', 'expense', 'costs', 'revenues', 'cost', 'revenue', 'spending', 'total', 'sales', 'fiscal']","['Based on our current run rate of expenses, we now expect total cash operating expenses to be between $93 million and $103 million, excluding expected non-cash, stock-based compensation expense of approximately $17 million for a total operating expenses of approximately $110 million to $120 million.', 'The increase in SG&amp;A expenses for the quarter is primarily attributable to the increase in bonus expenses, incremental SG&amp;A from acquisitions, and an overall general increase in SG&amp;A and R&amp;D expense investments.', 'Many of our categories of operating expenses are decreasing.']"
5,6932,5_cash flow_cash_million quarter_balance sheet,"['cash flow', 'cash', 'million quarter', 'balance sheet', '15 million', 'debt', 'payments', 'investments', 'capital', 'approximately million']","['In Quarter 1 we were cash flow positive on both an operating and free cash flow basis and generated $4 million in cash from operations, despite paying annual bonuses of $4 million during the quarter.', 'Free cash flow or cash from from operations less CAPEX and dividend totaled $167m during the quarter.', 'If you exclude cash interest and taxes, cash flow from operations was 122.8 million.']"
6,5292,6_revenue growth_revenues_revenue_million quarter,"['revenue growth', 'revenues', 'revenue', 'million quarter', '10 million', 'total', 'quarter year', 'year quarter', 'quarter fiscal', 'fiscal year']","['Total revenues for the 2nd quarter were approximately $7 million, comprised primarily of $6 million of collaboration revenue and $1 million of grant revenue.', ""MyCorp revenue was $4.4 million in FY '06 and $7.9 million in FY '07."", 'Revenue for the full year was $234.1 million.']"
7,4430,7_leadership_corporate_investor_management,"['leadership', 'corporate', 'investor', 'management', 'companies', 'managing', 'company', 'general', 'members', 'financial']","['Presenting on behalf of Valley today, our President and CEO, Ira Robbins; Chief Financial Officer, Mike Hagedorn; and Chief Banking Officer, Tom Iadanza.', 'On the call with me today are George Kirby, President and Chief Executive Officer; and Matthew Shafer, Chief Financial Officer and Treasurer.', 'With me today are Bryan Shinn, our President and CEO, and Bill White, our Chief Financial Officer.']"
8,4394,8_financial results_quarter results_financial_review,"['financial results', 'quarter results', 'financial', 'review', 'quarter fiscal', 'fiscal', 'results', 'quarterly', 'fourth quarter', 'summary']","[""Now I'll turn it over to Patricia who will provide you with details on our financial results."", ""I'll now turn the call over to Matt, who will review our financial results for the quarter."", ""And now I'll turn the call over to Katie so she can review our financial results in more detail.""]"
9,4164,9_open_opening_calls_look forward,"['open', 'opening', 'calls', 'look forward', 'closing', 'begin', 'address', 'come', 'great', 'discussion']","[""With that, I'll now turn it over to the operator to open the call up for questions"", ""With that, I'll open the call up to Q&amp;A."", ""Thank you for joining us this afternoon, and we'll now turn it over to the operator to open up for Q&amp;A.""]"
10,3554,10_shareholders_stock_share_company,"['shareholders', 'stock', 'share', 'company', 'market', '15 million', 'capital', '25 million', 'cash flow', 'purchase']","['During the quarter we repurchased 120 million shares or $4.1 billion of Company stock and paid out over $1 billion in dividends to shareholders.', 'Back then you could have bought the stock for about $3 a share.', 'Management recommended and the board authorized us to begin purchasing up to a million shares of our stock under a share buyback program.']"
11,2991,11_cash flow_income_adjusted_million quarter,"['cash flow', 'income', 'adjusted', 'million quarter', '12 million', 'increased', '10 million', 'revenue', 'increase', 'cash']","['For the quarter, adjusted EBITDA was $0.2 million, or 0.3% of revenue.', 'Adjusted EBITDA was $63 million.', 'Our adjusted EBITDA was $8.2 million.']"
12,2778,12_credit_portfolio_balance sheet_assets,"['credit', 'portfolio', 'balance sheet', 'assets', 'equity', 'asset', 'investment', 'risk', 'balance', 'consistent']","['The credit quality of our portfolio remains stable.', 'They are upscaling their credit.', ""There's been seasonal credit improvement in the portfolio.""]"
13,2556,13_revenue growth_revenues_revenue_profit,"['revenue growth', 'revenues', 'revenue', 'profit', 'sales', 'income', 'expense', 'costs', 'increased', 'increase']","[""Reviewing the fourth-quarter results for the Company's Mobile Modular division, compared to the fourth quarter of 2011, total revenues increased $0.4 million or 1% to $30.6 million, primarily due to higher sales and rental-related services revenues, partly offset by lower rental revenues."", 'Mobile Modular total revenues increased $6 million or 9% to $74.9 million on higher rental and rental-related services revenues, which were partly offset by lower sales revenues.', 'In addition to higher rental revenues, our electronics business also benefitted from higher gross profit on equipment sales and lower depreciation and laboratory costs as a percentage of rental revenues from a year ago.']"
14,2551,14_conference_partners_investor_investors,"['conference', 'partners', 'investor', 'investors', 'meeting', 'corporate', 'announce', 'presentation', 'management', 'discussion']","['I would now like to turn the conference over to Jennifer Almquist, Investor Relations.', 'I would now like to turn the conference over to James Dwyer, Vice President of Investor Relations.', 'I would now like to turn the conference over to our host, Senior Director of Investor Relations, Ms. Carol DeGuzman.']"
15,2268,15_sales_increases_increase_increased,"['sales', 'increases', 'increase', 'increased', 'revenues', 'growth', 'revenue', 'strong growth', 'markets', 'net']","['Excluding the impact of foreign currency translation, North America net sales grew 4% and other international net sales grew 8.6% for the quarter.', 'Net sales increased 3.6%.', 'Net sales increased 7.5%.']"
16,2225,16_market share_gains_gain_sales,"['market share', 'gains', 'gain', 'sales', 'market', 'profitable', 'retail', 'growth', 'increased', 'growth rate']","['Hershey fourth-quarter retail takeaway of 3.8% was greater than the category growth of 2.2%, resulting in a market share gain of 0.5 points.', 'The chocolate category in Brazil is up about 8% to 9% in 2013, and Hershey retail takeaway is about double the category growth rate resulting in a 0.3 point market share gain.', 'As a result, in Q4, drug category growth was 3.8% with Hershey retail take-away up 9.4% for a 1.2-point market share gain in drug.']"
17,2057,17_tax_quarter compared_fiscal year_fiscal,"['tax', 'quarter compared', 'fiscal year', 'fiscal', 'rates', 'quarter', 'percent', 'approximately', 'effective', 'rate']","['This quarter our effective tax rate was approximately 19%.', ""The quarter's effective tax rate of 30.7% compared with 2005's rate of 3%."", 'Excluding the discrete tax item, our effective tax rate for the quarter was 25% and we now expect the full-year tax rate to be approximately 24%.']"
18,2004,18_earnings_quarter results_financial results_quarter 2018,"['earnings', 'quarter results', 'financial results', 'quarter 2018', 'second quarter', 'quarter 2008', 'quarter 2009', 'quarterly', 'quarter 2006', 'quarter 2019']","['Good morning and welcome to our second-quarter earnings conference call.', 'Good morning, and welcome to our second quarter earnings conference call.', 'Good morning, ladies and gentlemen, welcome to the Novamerican Steel Inc. second-quarter earnings conference call.']"
19,1864,19_marketing_market share_success_successful,"['marketing', 'market share', 'success', 'successful', 'recorded', 'selling', 'release', 'business', 'record', 'production']","['Our recorded music business outperformed the market this quarter, gaining market share in the US as the industry continued to exhibit a number of positive signs.', 'Among our Recorded Music bestsellers were K-Pop girl group, Twice; the global sensation of The Greatest Showman soundtrack; rock band, Panic!', 'In another milestone, it was recently noted by the trade publication Music &amp; Copyright that Warner Music overtook EMI to become the third largest Recorded Music business by global market share in 2006, another testament of the success of our A&amp;R efforts and ongoing business strategy.']"
20,1837,20_morning_happy_good_great,"['morning', 'happy', 'good', 'great', 'positive', '', '', '', '', '']","['Thank you, Kevin, and good morning to everyone.', 'Thanks, Andrew, and good morning, everybody.', 'Thank you, Russ and good morning, everyone.']"
21,1784,21_spending_expense_fiscal year_15 million,"['spending', 'expense', 'fiscal year', '15 million', '12 million', '25 million', 'approximately million', 'spend', 'fiscal', '10 million']","['Our total capital expenditures for the quarter were $7.4 million.', 'We expect full year capital expenditures to be between $205 million and $215 million.', 'During the year, we had capital expenditures of approximately $69.2 million.']"
22,1764,22_case_ongoing_decision_issued,"['case', 'ongoing', 'decision', 'issued', 'held', 'regarding', 'agreement', 'action', 'state', 'previously']","['But there are no patents at issue in that case, and that Virginia case has been reduced to an attorneys fees motion that Samsung made.', 'One of those cases, the Micron/RICO racketeering case was enjoined, or rather, Micron was enjoined from pursuing that case.', 'That case also has pending against it our motion to dismiss.']"
23,1592,23_projects_project_infrastructure_revenue,"['projects', 'project', 'infrastructure', 'revenue', 'industry', 'including', 'opportunities', 'market', 'company', 'billion']","['The majority of our $90 million of capital revenues were generated by: Our dredge New York and clam shell dredges continuing work on our deepening projects in Newark Bay, Port Jersey and Boston; continuing work on our Columbia River deeping project on the West Coast with our hopper dredge Liberty Island; work on a Louisiana coastal restoration project with our hydraulic dredge Alaska; and finally three projects in Bahrain; Dubai, [Dirare] and [Jaramarana].', 'We expect some of these projects to be funded by the $340 million that has already been allocated from BP for restoration projects.', 'We worked on three port deepening projects during the quarter.']"
24,1556,24_payment_payments_transactions_transaction,"['payment', 'payments', 'transactions', 'transaction', 'pay', 'cash', 'financial', 'agreements', 'businesses', 'customer']","['And finally, as further evidence of the significance of our digital integrated payments cloud, during the quarter, we launched an agreement with SIBS, the national payment switch in Portugal, to provide Sony products to more than 12,000 ATMs connected to their switch.', 'Finally, in India, we signed an agreement to process mobile top-up, bill payment and other recurring payments through Amazon Pay.', 'Interac Debit is one of the most popular payment methods in Canada, and our collaboration on the token service provider solution with Interac will allow millions of consumers to enjoy secure mobile payments using Android Pay in Canada.']"
25,1527,25_year quarter_quarter year_year increase_quarter 2007,"['year quarter', 'quarter year', 'year increase', 'quarter 2007', 'percentage', 'compared year', 'percent', 'quarter', 'fourth quarter', 'quarter quarter']","['That is down from the previous quarter of 8.6%, and also down from about 8.7% a year ago.', 'That number for the quarter was 7.1% versus 8.3% in the previous quarter and 8.2% a year ago.', ""That's up from 8.6% in the second quarter and up from 8.8% a year ago.""]"
26,1517,26_sales_marketing_markets_strong growth,"['sales', 'marketing', 'markets', 'strong growth', 'increase', 'store', 'performance', 'brand', 'category', 'successful']","['The engagement jewelry category rose nicely, and band ring sales were very strong due to the success of Celebration rings.', 'We continue to be encouraged with growth in our Engagement Jewelry category consisting of diamond rings and wedding bands where sales rose 8% in the quarter.', 'The strongest sales growth continued to be in the statement, fine, and solitaire jewelry category, which incorporates jewelry with gemstones at mid to higher price points.']"
27,1449,27_revenue growth_businesses_strong growth_business,"['revenue growth', 'businesses', 'strong growth', 'business', 'revenue', 'customers', 'growth', 'retail', 'accounting', 'customer']","['Within QuickBooks Online, self-employed subscribers grew to approximately 390,000.', ""We're encouraged by the accelerating momentum in small business, including a continued strength in both our QuickBooks Online subscribers and online ecosystem revenue growth."", 'This includes Turbo Tax Online, our online banking, small business accounting, online payroll, and Intuit website offerings.']"
28,1431,28_power_energy_project_building,"['power', 'energy', 'project', 'building', 'projects', 'built', 'build', 'technology', 'development', 'developed']","[""The new Power Take-Off design, or PTO, is lighter weight, it's less expensive and we believe more durable."", 'This project is expected to be off the coast of Victoria, providing enough energy to power up to 10,000 homes.', 'As already mentioned, this year, we received a $2 million award from the US Department of Energy in support of our wave power project in Reedsport, Oregon, which also is in collaboration with PNGC Power.']"
29,1427,29_customers_experience_platform_customer,"['customers', 'experience', 'platform', 'customer', 'application', 'marketing', 'businesses', 'management', 'companies', 'services']","[""At Summit, we announced the global availability of Adobe Experience Platform, the industry's first real-time platform for customer experience management."", ""Q3 highlights include: increased adoption of Adobe Experience Platform and the launch of new capabilities that allow marketers to accelerate data collection across channels to enable faster personalized experiences based on real-time insights; general availability of data governance capabilities in the Real-Time Customer Data Platform; early traction with our Customer Journey Analytics service, which provides customers a complete view of the customer journey, online and off-line; acceleration in the deployment of our Adobe Experience Manager Cloud Service; significant quarter-over-quarter growth for Commerce offerings; working with our Advertising Cloud customers to wind down our transaction-based offerings, key customer wins included Eli Lilly, Truist, Nike, Lowe's, Shell, Lloyds and the U.S. Department of Commerce; a partnership with IBM and Red Hat to enable Experience Cloud deployment in hybrid cloud environments that further strengthens real-time data security for enterprises in regulated industries; and recognition as a leader in 6 Gartner Magic Quadrant and Forrester Wave reports."", 'Yesterday, we announced the new Adobe Digital Enterprise Platform, a unified solution for Customer Experience Management, and a suite of Adobe Customer Experience Solutions to power engaging digital experiences across multiple communication channels.']"
30,1383,30_income_earnings_revenues_revenue,"['income', 'earnings', 'revenues', 'revenue', 'profit', 'quarter year', 'fiscal', 'year quarter', 'million quarter', 'increase']","['First quarter operating income for U.S.', 'Third quarter operating income of our U.S.', 'Operating income in the third quarter was $6.5 million, up 74% from $3.7 million.']"
31,1225,31_rates_rate_costs_cost,"['rates', 'rate', 'costs', 'cost', 'case', 'increases', 'increase', 'higher', 'corporate', 'efficiency']","['First, the PNM rate case at FERC is moving along.', ""Some of you have inquired about PNM's next rate case."", 'You also are aware that we filed a FERC transmission rate case asking for about $7.5 million to $8 million.']"
32,1219,32_dollar_dollars_exchange_rates,"['dollar', 'dollars', 'exchange', 'rates', 'earnings', 'european', 'revenue growth', 'decrease', 'pricing', 'international']","['And the impact from the change in the dollar to pound exchange rate.', 'The impact of foreign exchange rates was minimal for the quarter.', 'Foreign currency exchange rates also had a positive impact on sales, as the dollar weakened compared to the Euro and some other currencies.']"
33,1191,33_demand_products_benefits_product,"['demand', 'products', 'benefits', 'product', 'markets', 'market', 'production', 'supply', 'manufacturing', 'industry']","[""In other countries in Latin America, we continue to see strong demand for FMC's product, including selective herbicides in Argentina and products for non row crops in Columbia and Mexico."", 'Lithium continued to see strong demand for its specialty products including lithium hydroxide, Butyl lithium and high-purity metals.', 'We saw strong demand for Rynaxypyr insect control applications for specialty crops as well as Battle Delta herbicide for cereals, particularly in France and Germany.']"
34,1081,34_store_retail_new york_china,"['store', 'retail', 'new york', 'china', 'north america', 'york', 'europe', 'company', 'markets', 'closed']","['Two of these stores are located in New Orleans and the other store is located in southern Florida.', ""We also opened our 15th store in Korea in the Shinsegae Hanam department store and we opened our first store in New Zealand in Auckland's magnificent Britomart precinct."", 'During the quarter, we were delighted to open another store in Italy, our third store in Milan and located at the Duomo.']"
35,1041,35_income_quarter compared_loss_million quarter,"['income', 'quarter compared', 'loss', 'million quarter', 'quarter fiscal', 'year quarter', 'quarter 2008', 'quarter year', 'quarter 2009', 'quarter 2007']","['Net income for the quarter, $3.8 million.', 'The net income for the third quarter was $4.6 million as compared to a net loss of $3 million for the third quarter of last year.', 'Net loss for the third quarter totaled $9.4 million compared to net income of $6.7 million in 2007.']"
36,963,36_form_press release_10_issued,"['form', 'press release', '10', 'issued', 'press', '2010', 'release', '2009', '2008', 'fiscal']","['The Form 10-Q and a Form 8-K containing the press release were filed yesterday afternoon with the SEC.', 'We also filed our Form 10-Q.', 'The Form 10-Q was filed yesterday with the SEC.']"
37,942,37_delivering_customers_delivery_marketing,"['delivering', 'customers', 'delivery', 'marketing', 'deliver', 'customer', 'consumer', 'sales', 'initiatives', 'business']","[""Now let's talk about the rollout of delivery to the Panera system."", 'Next, we must smartly introduce the two biggest initiatives in our arsenal: Panera 2.0 and delivery.', 'As you know, Charlotte was the first full market in which we had both Panera 2.0 and delivery.']"
38,940,38_portfolio_earnings_assets_financial,"['portfolio', 'earnings', 'assets', 'financial', 'stock', 'asset', 'credit', 'risk', 'economy', 'transactions']","['As Tim mentioned, in the Farm &amp; Ranch portfolio, 90-day delinquencies were $36.7 million, or 0.67% of the Farm &amp; Ranch portfolio, as of September 30, 2015 compared to $31.9 million, or 58 basis points, as of June 30, 2015 and $24.7 million, or 46 basis points, in the year-ago quarter.', ""Reflecting the effectiveness of Farmer Mac's ongoing credit risk management and the strength of the U.S. agricultural economy, 90-day delinquencies in Farmer Mac's guaranteed portfolio remained at notably low levels as of December 31, 2007, in terms of both dollars and percentage."", ""As of March 31, 2017, Farmer Mac's substandard assets were $171.5 million or 2.7% of the Farm &amp; Ranch portfolio compared to $165.2 million or 2.7% of the Farm &amp; Ranch portfolio as of December 31, 2016.""]"
39,900,39_sales_product_profits_increase,"['sales', 'product', 'profits', 'increase', 'growth', 'market', 'million quarter', 'estimated', 'united states', 'million']","['We received approval for EYLEA in the United States in a second indication, macular edema, following central retinal vein occlusion.', 'Based on fourth-quarter sales, EYLEA is now the market-leading branded anti-VEGF therapy for the treatment of retinal diseases in the United States.', 'EYLEA net product sales in the United States grew 7% to $1.02 billion compared to $953 million in the third quarter of 2017.']"
40,888,40_15 million_12 million_10 million_year increase,"['15 million', '12 million', '10 million', 'year increase', 'approximately million', '100 million', 'million quarter', 'million', 'billion', 'million year']","['Thatâ€™s up from $816 million in the previous quarter, and up from $550 million a year ago.', 'That compared to 1.3 million a year ago.', 'This was an increase of $1.6 million from the previous quarter, and an increase of $2.7 million from the quarter a year ago.']"
41,886,41_ahead_let_begin_finally,"['ahead', 'let', 'begin', 'finally', 'post', 'previously', '000', 'turn', 'fourth', '2004']","['Please go ahead, sir.', 'Please go ahead, sir.', 'Please go ahead, sir.']"
42,822,42_slide_10_seven_number,"['slide', '10', 'seven', 'number', '11', 'numbers', 'going', '12', 'want', 'turn']","['If you would please refer to Slide 2.', 'First slide is what we call ""the walk across.""', 'Please go to slide five.']"
43,819,43_profit_profits_revenues_revenue,"['profit', 'profits', 'revenues', 'revenue', 'sales', 'year quarter', 'million quarter', 'quarter year', 'quarter 2005', 'quarter fiscal']","['We also made a gross profit for the third consecutive quarter, as well as a gross profit on our contracts for the full nine months, as compared to a gross loss in the corresponding period of last year.', ""In terms of gross profit, we reported gross profit of $19.2 million, which is up $0.6 million from the gross profit reported in Q3 of '17."", 'Turning to gross profit for the first quarter gross profit increased 2.9 million or 13% to 24.6 million or 31.2% of net sales compared to gross profit of 21.7 million or 31.6% of net sales in the first quarter last year.']"
44,812,44_expenses_expense_million quarter_costs,"['expenses', 'expense', 'million quarter', 'costs', 'debt', 'quarter compared', 'quarter 2009', 'year quarter', 'quarter 2007', 'fiscal']","['Moving down the income statement -- interest expense was expectedly higher this quarter versus last, about $320,000 net expense -- interest expense -- that is due to the convertible financing we completed toward the end of the second quarter.', 'Further, there was an increase of about $1.3 million in residential mortgage expense during the quarter.', 'Interest expense for the quarter was $7.2 million.']"
45,805,45_balance sheet_cash flow_financial_balance,"['balance sheet', 'cash flow', 'financial', 'balance', 'debt', 'leverage', 'equity', 'sheet', 'assets', 'maintain']","['Since we emerged from bankruptcy Genesis has maintained a strong balance sheet.', 'We also have a very bulletproof balance sheet.', 'We have a strong balance sheet with lots of cash.']"
46,778,46_earnings_stock_25 million_average,"['earnings', 'stock', '25 million', 'average', 'share', 'end quarter', 'quarter compared', 'quarter 2005', 'quarter', 'billion']","['The weighted average shares outstanding were 130.1 million shares and we ended the quarter with 130.4 million shares outstanding.', 'The weighted average shares outstanding was 130 million shares and we ended the quarter at 130.4 million shares outstanding.', 'The average weighted shares outstanding was $129.8 million, and we ended the quarter with $130.2 million shares outstanding.']"
47,766,47_franchise_customers_company_business,"['franchise', 'customers', 'company', 'business', 'opening', 'open', 'markets', 'sales', 'owned', 'partners']","['We expect to open 8 to 9 new company owned restaurants in this quarter, of which 2 have already opened.', 'On the NRO front, we opened 1 new Company-owned restaurant and 1 franchise restaurant in the first quarter.', 'In the first quarter, we opened the first of 10 new Company-owned restaurants that we expect to open this year, and our franchisees opened 1 of the 3 to 4 new franchise restaurants expected to open in 2011.']"
48,749,48_conference_presentation_event_today,"['conference', 'presentation', 'event', 'today', 'work', 'begin', 'investor', 'good', '', '']","['I will be your conference operator today.', 'My name is Diane and I will be your conference operator today.', 'I will be your conference operator today.']"
49,676,49_revenues_sales_increases_increase,"['revenues', 'sales', 'increases', 'increase', 'franchise', 'company', 'increased', 'growth', 'store', 'higher']","['Increase in revenue is due to 25 company-owned and 84 franchise bakery-cafes that we opened since the second quarter of last year, as well as increased bakery- cafes sales of 6.7% for second quarter and higher average unit volumes of new bakery-cafes.', 'Our system-wide comparable Bakery-Cafe sales increased 2.1% in the quarter with 1.7% comps at company-owned locations and 2.3% at franchise-operated locations.', 'This was primarily the result of new Company-owned bakery-cafes, as well as growth in franchise royalties and sales of fresh dough and other product sales to our franchisees.']"
50,672,50_margin_adjusted_percentage_increased,"['margin', 'adjusted', 'percentage', 'increased', 'decline', 'recorded', 'revenue growth', 'lower', 'revenue', 'margins']","['Recorded music adjusted OIBDA declined 16% to $72 million and recorded music adjusted OIBDA margin was down 2 percentage points to 14%.', 'Recorded Music adjusted OIBDA grew by 24% to $77 million and adjusted OIBDA margin expanded by 2 percentage points to 13%.', 'Backing out these items, adjusted OIBDA for the quarter declined by 15% to $94 million, and adjusted OIBDA margin contracted by 3 percentage points to 12%.']"
51,665,51_financial results_impact_material_acquisitions,"['financial results', 'impact', 'material', 'acquisitions', 'restructuring', 'financial', 'earnings', 'effect', 'expect', 'agreements']","[""We don't expect the impact of any change or reclassification to be material."", ""The net financial impact resulting from these separate but interrelated processes does not generally have a material impact on the Company's results of operations."", 'Based on the proposed settlement terms, the company does not expect this matter to have a material impact on its operations or financial position or any impact on historical financials.']"
52,658,52_calls_look forward_note_pleased,"['calls', 'look forward', 'note', 'pleased', 'helping', 'today', 'coming', 'meet', 'happy', 'continuing']","['Thanks to everyone joining us on the call today.', 'And thank you all for joining us on the call today.', 'Thank you, [Rae], and thank you all for joining us on the call today.']"
53,644,53_financial results_comparable_earnings_metrics,"['financial results', 'comparable', 'earnings', 'metrics', 'financial', 'measure', 'expenses', 'revenue growth', 'press release', 'reflects']","['Reconciliations of these non-GAAP financial measures to their most directly comparable GAAP measures can be found in the financial tables included at the end of our press release.', 'A reconciliation of these non-GAAP financial measures to their most directly comparable GAAP measures can be found in the tables included at the end of our press release.', 'A reconciliation of these non-GAAP financial measures to their most directly comparable GAAP measures can be found in the financial tables included in our press release.']"
54,629,54_market_industry_sales_customers,"['market', 'industry', 'sales', 'customers', 'marketplace', 'consumer', 'brand', 'purchase', 'selling', 'economy']","[""But I -- to be really straight-up on this, there's a lot of unknowns that we're dealing with right now, how the vehicles are going to sell, the damage."", ""Under the leadership of Brian Skutta, our dealer sales and service team has been focusing on, first, aligning pricing with the value we've been delivering based upon our fully accountable business model; second, further enhancing our dealer acquisition strategy to strategically fill coverage gaps across the network; and third, rolling out a new strategy around independent dealers designed to grow our independent dealer base and increase used car inventory."", ""I think, a lot of customers or folks out there would rather buy used cars just because new cars have become so expensive, used cars are of good quality, they're certified new or whatever they call it and so.""]"
55,625,55_quarter year_year quarter_month_october,"['quarter year', 'year quarter', 'month', 'october', 'december', 'june', 'february', 'november', 'september', 'trend']","[""Last year's monthly trend was a 5% increase in February, a 3% decline in March, and a 3% increase in April."", ""Comps by period on this fiscal basis is 8.2% for the first 27 days of the 28-day October period and we're targeting three-quarters of a point to two and a quarter points of comp for November and 2.75% to 4.25% of comp for December."", ""As a point of reference, U.S. comps had increased 2% in last year's first quarter and the monthly trend had been negative 2% in February, positive 1% in March and positive 6% in April.""]"
56,610,56_billion_investment_million_funds,"['billion', 'investment', 'million', 'funds', 'quarters', 'total', 'quarter', 'net', 'equity', 'assets']","['And for the quarter, advisory net inflows were $2.8 billion.', 'We had net outflows of $5.8 billion in the quarter.', 'Client wrap assets were approximately $106 billion, with net inflows of $2.3 billion for the quarter.']"
57,581,57_new products_new product_product_products,"['new products', 'new product', 'product', 'products', 'market share', 'marketing', 'industry', 'market', 'introduced', 'sales']","['We have now launched our Ion product worldwide and we will be introducing additional new products, including our new Natura line, Natura Pro, beginning in the second quarter 2006.', 'We have now launched our Innova and Applause product families worldwide and we have new products including our exciting new open ear product, Ion, coming in the second quarter.', ""Seventy-four percent of the Danish subjects preferred Sonic's product over that of Auticon, another market leader.""]"
58,550,58_summer_new_offerings_traditional,"['summer', 'new', 'offerings', 'traditional', 'produce', 'introduced', 'make', 'improved', 'mix', 'exciting']","['During the summer we will introduce several new salads and re-introduce some perennial favorites.', ""This sandwich features our new higher-quality turkey, utilizing the sous vide cooking method that we've rolled out throughout the system."", 'We also introduced a new and improved not Napa almond chicken salad sandwich this summer.']"
59,536,59_managing_manage_costs_management,"['managing', 'manage', 'costs', 'management', 'strategic', 'maintain', 'maintaining', 'expenses', 'organization', 'business']","['Even during the transformation of our business, we continue to be focused on aggressively managing our industry leading cost structure, working to improve productivity and drive cost out of our business.', 'We continue to manage our cost structure and seek out ways to take costs out of the Business.', 'We continue to aggressively manage our cost structure in this business.']"
60,529,60_brand_market_consumer_products,"['brand', 'market', 'consumer', 'products', 'business', 'markets', 'company', 'successful', 'profitable', 'selling']","['Today the Avon brand has nearly 100% awareness in our top markets and is the #1 direct selling beauty company in the world.', 'First, to strengthen our brand value and improve the Avon brand equity on the vertical axis.', 'The Avon brand has greater than 90% brand recognition with 100% brand awareness in our key markets.']"
61,528,61_acquisitions_acquisition_acquired_companies,"['acquisitions', 'acquisition', 'acquired', 'companies', 'businesses', 'investments', 'markets', 'market', 'business', 'company']","['We continue to actively seek acquisitions that would be accretive within one year.', 'Last up is acquisitions.', 'Secondly, accretive acquisitions.']"
62,515,62_franchise_brand_team_members,"['franchise', 'brand', 'team', 'members', 'company', 'partners', 'delivering', 'support', 'improve', 'efforts']","['We attribute our traction versus competitors to relevant marketing programs, which are bringing guests into Red Robin to enjoy one of our 24 great burgers, to our great Team Members who delight our guests and make them eager to come back, to our Red Robin Royalty loyalty program, and to our brand transformation initiative.', 'So we are reinforcing the brand equities and great guest experience that have always been part of the Red Robin brand.', ""As always, I'd like to thank our great Red Robin team members for their hard work and dedication this last quarter as they continue to transform the Red Robin brand and greet our guests with a healthy dash of bottomless fun and a genuine spirit of service.""]"
63,507,63_payments_payment_issued_financial,"['payments', 'payment', 'issued', 'financial', 'provide', 'contract', 'south', 'accounts', 'businesses', 'services']","['There have been several tenders we have responded to jointly and in some cases, we have hosted delegations from countries wishing to see what we have accomplished in South Africa.', 'SASSA filed this decision with the Constitutional Court of South Africa and at the same time advised the court that they will submit a plan regarding the insourcing of the payment system after the conclusion of the contract.', 'For example, SASSA cards are branded MasterCard and, as such, form part of the National Payment System and, therefore, must be issued by the South African bank and must conform to all of the South African Reserve Bank and Payment Association of South Africa regulations.']"
64,504,64_tax_income_fiscal_rates,"['tax', 'income', 'fiscal', 'rates', 'expense', 'earnings', 'benefit', 'benefits', 'profits', 'decrease']","['This more favorable tax rate is primarily due to increased tax credits, as well as lower effective state income tax rates.', 'The lower effective tax rate was due to the additional utilization of foreign tax credits from the repatriation of higher taxed foreign earnings as well as higher income in lower tax jurisdictions.', ""This provisional income tax expense included a onetime transition tax of $4.6 million on a mandatory deemed repatriation of cumulative foreign earnings, which was offset by a $1.4 million income tax benefit related to the remeasurement of certain deferred tax assets and liabilities based on the lower tax rate of which they're expected to be realized.""]"
65,491,65_challenges_trends_2020_health,"['challenges', 'trends', '2020', 'health', 'efforts', 'risk', 'government', 'particularly', 'work', 'impacted']","['We continue to expect this, notwithstanding the COVID-19 pandemic.', 'The COVID-19 outbreak is a challenge unprecedented in modern time.', 'The COVID-19 pandemic has been a challenge to our business.']"
66,476,66_billion_estimated_total_100 million,"['billion', 'estimated', 'total', '100 million', 'million', 'fiscal year', 'million year', '2011', '250', '150']","['The backlog at the end of December 2011, stands at $3.3 billion and is an increase of 7% from the $3.1 billion at the end of 2010.', 'Total backlog at the end of the fourth quarter is $3.9 billion, up $132 million or 3.5% from December 2015 and flat with backlog at the end of third quarter.', 'As you can see on the chart total backlog at the end of the third quarter is $3.9 billion, up a $138 million or 3.7% from September of 2015 and up a $131 million or 3.5% from December 31.']"
67,470,67_facilities_management_services_facility,"['facilities', 'management', 'services', 'facility', 'building', 'construction', 'service', 'companies', 'infrastructure', 'company']","[""And it's important that not only within EMCOR Facility Services, we perform both industrial services and mechanical mobile and electrical services in our electrical and mechanical business at EMCOR Construction Services."", 'In 1996, EMCOR adopted a long-term operating model, incorporating complementary construction and facilities management services.', 'With the exception of the impact of these construction projects, our EMCOR facilities services operations were profitable for the quarter, even though they suffered from the same shortage of discretionary mobile service work that effected our mechanical businesses.']"
68,468,68_profitability_sales_customers_new products,"['profitability', 'sales', 'customers', 'new products', 'clients', 'customer', 'marketing', 'market', 'offerings', 'products']","[""Onvia's targeted accounts strategy may fail to increase contract value of new customers; Onvia's investment in sales and marketing fails to improve sales penetration and client retention rates; client adoption of Onvia's enterprise solutions may be slower than expected; identifying partners to distribute Onvia's content may be slower than expected; Onvia's market-driven product development process may fail to improve sales penetration and client retention rates; and Onvia's technology may fail to handle the increased demands of its infrastructure caused by increasing network traffic and the volume of aggregated data."", ""The following factors, among others, could cause actual results to differ materially from those described in the forward-looking statements -- Onvia's targeted account strategy may fail to increase contract value of new customers; Onvia's investment in sales and marketing fails to improve sales penetration and client retention rates; client adoption of Onvia's enterprise solutions may be slower than expected; identifying partners to distribute Onvia's content may be slower than expected; Onvia's market-driven product development process may fail to improve sales penetration and client retention rates; and Onvia's technology may fail to handle the increased demands on its infrastructure caused by increasing network traffic and volume of aggregated data."", ""The following factors, among others, could cause actual results to differ materially from those described in the forward-looking statements: Onvia's investments in sales and marketing, technology infrastructure, and content collection and sourcing fails to improve sales penetration and client retention rates; Onvia's technology fails to handle the increased demands on its infrastructure caused by increasing network traffic and the volume of aggregated data; client adoption of new and higher valued products continues to be slower than expected; and Onvia fails to increase the number of clients and/or annual contract value.""]"
69,467,69_morning_good__,"['morning', 'good', '', '', '', '', '', '', '', '']","['Good morning, everyone.', 'Good morning, everyone.', 'Good morning, everyone.']"
70,464,70_conference_excluding_operating_conditions,"['conference', 'excluding', 'operating', 'conditions', 'time', 'mobile', 'based', 'currently', 'online', '']","['At this time, all participants are in a listen-only mode.', 'At this time, all participants are in a listen-only mode.', 'At this time, all participants are in listen-only mode.']"
71,464,71_largest_site_people_million,"['largest', 'site', 'people', 'million', 'successful', 'consumer', 'significantly', '000', 'health', 'unique']","['The site also has a very engaged Facebook community with more than 1.5 million fans.', 'Further, Cracked is also number one humor site on mobile, with 3.5 million unique visitors.', 'ComScore again last week reported that US unique visitors to the site were up more than four times, year over year, in January, and LIVESTRONG.COM became the largest health domain in the US.']"
72,453,72_expenses_expense_costs_quarter fiscal,"['expenses', 'expense', 'costs', 'quarter fiscal', 'quarter year', 'fiscal year', 'quarter 2005', 'million quarter', 'quarter expect', 'quarter compared']","[""We expect next quarter's depreciation expense to be approximately $7.7 million."", 'Depreciation, depletion, and amortization expense in the first quarter was $9.6 million, compared with approximately $8.3 million in the same quarter last year.', 'Depreciation, depletion and amortization expense in the third quarter was $9.2 million compared with approximately $6 million in the same quarter last year.']"
73,431,73_sales_markets_market_selling,"['sales', 'markets', 'market', 'selling', 'prices', 'pricing', 'costs', 'increased', 'production', 'businesses']","['The sales increase was driven by higher volume and selling prices in specialty peroxygens, augmented by higher selling prices in European hydrogen peroxide.', ""Our north American peroxygens business realized higher selling prices in both our hydrogen peroxide and specialty peroxygens' businesses in the quarter."", 'Our North American peroxygens business also performed well in the quarter, realizing higher selling prices and volume growth across both hydrogen peroxide and our specialty peroxygens business.']"
74,430,74_manufacturing_costs_produced_production,"['manufacturing', 'costs', 'produced', 'production', 'europe', 'produce', 'china', 'cost', 'products', 'industry']","['Similarly, in Europe, we ceased light vehicle tire production at our Melksham England plant and will produce many of these units at our Serbia plant.', 'One, finding a new source of high quality cost competitive TBR tires for the North American market; two, finding TBR capacity and distribution for the China and Southeast Asia markets, and three, diversifying our TBR sourcing footprint to include potential production capacity both inside and outside of China to serve global tire markets.', 'The process of phasing out light vehicle tire production at our Melksham facility is going according to plan and will result in a Cooper Tire Europe that is more cost competitive.']"
75,430,75_begin_start_beginning_starting,"['begin', 'start', 'beginning', 'starting', 'll', 'april', 'march', 'june', 'end', 'august']","['You may begin.', 'You may now begin.', 'You may begin.']"
76,419,76_revenue growth_revenue_revenues_recorded,"['revenue growth', 'revenue', 'revenues', 'recorded', 'sales', 'growth', 'quarter compared', 'increases', 'increase', 'year quarter']","['Recorded Music digital revenue grew 8% from the prior year quarter to $172 million, or 22% of total Recorded Music revenue.', 'Nontraditional revenue amounted to about 10% of our recorded music revenue in the quarter.', 'For the year, recorded music revenue grew an impressive 7%.']"
77,409,77_savings_costs_cost_10 million,"['savings', 'costs', 'cost', '10 million', '25 million', '15 million', '100 million', 'million', 'million quarter', '12 million']","['Priced at under $2,000 per system NI Elvis offers dramatic cost savings to educators.', 'This is a savings of $0.5 million in cash from our first-quarter projection.', ""We're already anticipating more than $1 million in cost savings rolling through our P&amp;L this year.""]"
78,391,78_equity_returns_assets_portfolio,"['equity', 'returns', 'assets', 'portfolio', 'return', 'capital', 'percentage', 'percent', 'quarter year', 'average']","['Second, the Company earned a 12% annualized return on tangible common equity.', 'Total return on the equity portfolio for the quarter was 5.1%, which was above the 3.8% return of the S&amp;P 500.', 'These earnings equated to a 0.7% return on average assets and a 10% annualized return on tangible common equity for the full year.']"
79,382,79_effective_benefits_health_use,"['effective', 'benefits', 'health', 'use', 'research', 'using', 'results', 'effect', 'addition', 'demonstrated']","['The Roche sales force is now able to use the tipranavir label and related data to promote the co-administration of FUZEON with tipranavir in treatment-experienced patients who can benefit from the combination of these drugs in their HIV regimens.', 'Similarly, Dr. William Powderly expressed in an expert viewpoint piece on strategies for using new anti-retroviral agents that ""In three class-experienced patients, the use of the fusion inhibitor enfuvertide, with an active boosted PI with demonstrated activity against PI-resistant virus should be the foundation of the new regiment.""', 'The new data illustrates that FUZEON-based regimens continue to provide immunologic and virologic responses in treatment experienced HIV patients through 96 weeks of treatment.']"
80,381,80_network_infrastructure_companies_industry,"['network', 'infrastructure', 'companies', 'industry', '20', 'announced', 'customers', 'future', 'number', '50']","['Swisscom, Proximus and KPN all announced LoRa network deployments in Switzerland, Belgium, Luxembourg and the Netherlands.', ""The number of public or private LoRa network operators increased in Q3 to approximately 123, and we now expect 133 LoRa network operators by the end of fiscal year '20, up from 101 at the end of fiscal year '19."", 'Smart Seoul Network or S-Net announced a LoRaWAN network to provide smart parking, smart street lighting solutions and geolocation use cases in Seoul, Korea.']"
81,373,81_growth_china_supply_production,"['growth', 'china', 'supply', 'production', 'demand', 'industry', 'economic', 'markets', 'balance', 'capacity']","['The expected surplus balance in China is driven by refinery expansions and restarts as well as downward revisions to demand growth from Chinese smelting.', 'In aluminum, it has been reported that smelters have cut 1 million tonnes of annualized capacity in China and 400,000 tonnes of annualized capacity outside of China between March and April.', ""The first, despite China's progress to reform its aluminum industry, is the unfairly subsidized smelting capacity in China that has resulted in an unlevel playing field and surplus production.""]"
82,369,82_sales_sale_revenues_market share,"['sales', 'sale', 'revenues', 'market share', 'profitable', 'business', 'comparable', 'decreased', 'store', 'average']","[""That assumes full year comparable sales at Brick House of about 4% to 5% and that Joe's is somewhere between a negative 3% to flat."", ""For the second quarter, as Ray mentioned, we're currently tracking comparable sales at Joe's of about a negative 0.8% and a positive 8.3% at Brick House."", ""Joe's Crab Shack posted negative comparable sales of 6%.""]"
83,360,83_recorded_today_track_time,"['recorded', 'today', 'track', 'time', 'produced', 'think', '', '', '', '']","[""Today's call is being recorded."", ""Today's call is being recorded."", ""Today's call is being recorded by the request of J.D.""]"
84,354,84_ahead_reported_like_prior,"['ahead', 'reported', 'like', 'prior', 'does', 'results', 'getting', 'favorable', 'versus', 'development']","['Please go ahead.', 'Please go ahead.', 'Please go ahead.']"
85,353,85_income_earnings_revenue_revenues,"['income', 'earnings', 'revenue', 'revenues', 'quarter fiscal', 'tax', 'investment', 'million quarter', 'expenses', 'fiscal']","['Pro forma net income was $3.3m.', 'Pro forma net income is expected to be between a loss of $2 million and an income of $4 million.', 'Pro forma pretax income was $5.6 million and pro forma net income was $3.6 million, as compared to guidance of a loss of $2 million and an income of $4 million.']"
86,353,86_financial results_shareholders_financial_results,"['financial results', 'shareholders', 'financial', 'results', 'equity', 'invest', 'revenue', 'pleased', 'benefits', 'investment']","['Ameriprise delivered another quarter of excellent financial results.', 'Ameriprise delivered excellent financial results this quarter.', 'In Wealth Management, we delivered strong Ameriprise client flows in adviser productivity.']"
87,353,87_morning_good__,"['morning', 'good', '', '', '', '', '', '', '', '']","['Good afternoon, everyone.', 'Good afternoon, everyone.', 'Good afternoon, everyone.']"
88,344,88_prices_pricing_material_price,"['prices', 'pricing', 'material', 'price', 'demand', 'costs', 'cost', 'increased', 'production', 'increases']","['Raw material supplies now appear to be stabilized.', 'We continue to see volatility in raw material prices with increases in our raw material index in June and July.', 'Rising demand has driven raw material costs higher with spot iron ore prices up 8% from the first quarter.']"
89,341,89_development_customers_technical_companies,"['development', 'customers', 'technical', 'companies', 'trend', 'technology', 'industry', 'market', 'customer', 'capabilities']","[""Factors that could cause or contribute to such differences include, but are not limited to, competition in the EDA market, Magma's ability to integrate acquired businesses and technologies, potentially higher than anticipated costs of litigation, potentially higher than anticipated costs of compliance with regulatory requirements, including those relating to internal control over financial reporting; any delay of customer orders or failure of customers to renew licenses, weaker than anticipated sales of Magma's products and services, weakness in the semiconductor or electronics systems industries, the ability to manage expanding operations, the ability to attract and retain the key management and technical personnel needed to operate Magma successfully, the ability to continue to deliver competitive products to customers, and changes in accounting rules."", ""Factors that could cause or contribute to such differences include, but are not limited to, increasing competition in the EDA market, higher than anticipated costs in connection with recent patent litigation with Synopsis, Magma's ability to successfully integrate recently acquired businesses and technologies, the impact of economic slowdown in our customer's markets, any delay of customer orders or failure of customers to renew licenses, weaker than anticipated sales of the company's products and services, difficulties managing the company's expanding operation, the ability to continue to deliver competitive products to customers to help them get their product to market and changes in accounting rules."", ""Factors that could cause or contribute to such differences include, but are not limited to, increasing competition in the EDA market, Magma's ability to successfully integrate recently acquired businesses and technologies, the impact of the economic recession, the effects terrorist activities or events in the Middle East may have on Magma, its customers and industry, any delay of customer orders or failure of customers to renew licenses, weaker than anticipated sales of the company's products and services, weaker in the semiconductor or electronic systems industries, the ability to successfully manage the company's expanding operations, the ability to attract and retain the key management and technical personnel needed to operate Magma successfully, the ability to continue to deliver competitive products to customers to help them get their products to market and changes in accounting rules.""]"
90,340,90_phase_plan_additionally_stage,"['phase', 'plan', 'additionally', 'stage', 'demonstrated', 'results', 'planned', 'quarter 2016', 'second', 'ongoing']","['We are poised to begin a Phase 3 trial in the atopic dermatitis indication and have completed enrollment in both the Phase 2B trial in asthma and a Phase 2A trial in nasal polyposis.', 'In 2013, the phase 2a study of dupilumab in asthma was named the clinical advance of the year by Scrip, and dupilumab is currently in phase 2b in asthma.', 'Dupilumab is also currently in a Phase 2 proof of concept trial in nasal polyposis and a Phase 2b study in asthma.']"
91,337,91_expenses_expense_costs_spending,"['expenses', 'expense', 'costs', 'spending', '15 million', 'million quarter', 'development', '12 million', '10 million', 'quarter 2008']","['Research and development expenses were 8.3 million for the quarter.', 'Research and development expenses for the 2nd Quarter increased to $8.2 million.', 'Research and development expenses for the first quarter increased to $8 million.']"
92,335,92_average_increased_percentage_quarter compared,"['average', 'increased', 'percentage', 'quarter compared', 'percent', 'quarter 2013', 'quarter 2008', 'quarter 2007', 'quarter 2015', 'quarter 2014']","['Average utilization for the third quarter increased from 78.3% to 88%.', 'Average fleet utilization for the first quarter increased to 77.3% from 76.8%.', 'Average utilization for the first quarter increased to 76.1% from 74.2%.']"
93,329,93_china_business_markets_manufacturing,"['china', 'business', 'markets', 'manufacturing', 'america', 'marketing', 'north america', 'europe', 'united states', 'international']","[""In China, we've aligned our interests with the Internet giant Tencent."", 'As is our business in China.', 'in countries like India and China.']"
94,327,94_lines___,"['lines', '', '', '', '', '', '', '', '', '']","['All lines have been placed on mute to prevent any background noise.', 'All lines have been placed on mute to prevent any background noise.', 'All lines have been placed on mute to prevent any background noise.']"
95,323,95_risk_factors_quarterly_form,"['risk', 'factors', 'quarterly', 'form', 'report', 'provided', 'company', 'changes', 'regarding', 'press release']","[""Risks and uncertainties that may cause results to differ materially from those expressed in these forward-looking statements, including, among others, those risks set forth in the company's public filings with the U.S. Securities and Exchange Commission, including the discussion under the heading Risk Factors in the company's most recent annual form -- annual report on the Form 10-K and any subsequent quarterly report on Form 10-Q."", ""For a list and description of those risks and uncertainties, please see the Risk Factors section of the Company's most recent Annual Report on Form 10-K and subsequent Quarterly Reports on Form 10-Q with the Securities and Exchange Commission."", ""Including discussions under the heading Risk Factors in the Company's most recent Annual Report on Form 10-K, and subsequent quarterly reports on Form 10-Q.""]"
96,308,96_services_partnership_health_technology,"['services', 'partnership', 'health', 'technology', 'offerings', 'clients', 'marketplace', 'providing', 'provides', 'acquisition']","[""Northeast Georgia joined clients including Health Ventures of Central Iowa, St. John's Providence Health System, Edward Hospital, and Altru Health System, who also selected Merge's iConnect Solutions to enable their enterprise imaging strategies."", 'The reaction to the solution has been phenomenal, and many providers and other constituents view imaging inner-operability as the next phase of health care IT adoption.', 'Practices are choosing Merge because our solution will enable them to capture and report on metrics required to demonstrate Meaningful Use of electronic health records.']"
97,307,97_revenue growth_revenues_revenue_growth,"['revenue growth', 'revenues', 'revenue', 'growth', 'growth rate', 'strong growth', 'businesses', 'markets', 'business', 'market']","['Revenue and licenses of Windows Server grew against the backdrop of a declining server hardware market.', 'Windows commercial cloud products and services grew 8%, driven by annuity revenue growth.', 'Server products and cloud services revenue grew 18% with another quarter of double-digit annuity revenue growth.']"
98,304,98_income_revenue_profitability_revenues,"['income', 'revenue', 'profitability', 'revenues', 'million quarter', 'quarter compared', 'year quarter', 'profit', 'year increase', 'quarterly']","['QSI division revenue at $4 million was up approximately 1% over the prior year.', 'Operating income in the NextGen Division was up 74% to 13.785 million compared to 7.916 million a year ago.', 'QSI Division EDI revenue was $1,228,000 for the quarter.']"
